experiment,trn_FPS,val_FPS
UNet-3*1*24-NewZealand_iter_5000,93.90717,282.89460000000014
UNet-3*1*24-NewZealand_iter_5000,92.62502,280.81872000000004
